components,states,backend,threads,calls_per_sample,median_seconds,ns_per_state,states_per_second,mad_percent,speedup_vs_scalar,speedup_vs_best_cpu
1,100,scalar,1,5734,2.9870710498779213e-05,298.70710498779209,3347761.0117136952,2.6847005698678528,1,1
1,100,openmp,1,5452,3.5992637380777698e-05,359.926373807777,2778345.9973235028,0.9213351028794976,0.82991168951492356,0.82991168951492356
1,100,openmp,2,9213,2.2190225985021165e-05,221.90225985021166,4506488.5804904355,1.6837621702583743,1.3461201575388428,1
1,100,openmp,4,12244,1.4579109441359033e-05,145.79109441359032,6859129.5238043163,1.9779429351794966,2.0488707227918805,1
1,100,openmp,8,15838,1.3663643578734689e-05,136.6364357873469,7318692.0768069699,7.3051031907163892,2.186145322560102,1
1,100,cuda_resident,0,7888,2.0514144903651114e-05,205.14144903651115,4874685.270561873,0.16204311605973418,1.4561031248961693,0.6660596209546531
1,100,cuda_e2e,0,722,0.00027638255124653739,2763.8255124653738,361817.34175685531,0.300454724217462,0.10807741069056885,0.049437431983709104
1,300,scalar,1,2320,8.6288794396551725e-05,287.62931465517238,3476697.0856182063,0.045997301873252669,1,1
1,300,openmp,1,1970,0.00010173432081218274,339.11440270727576,2948857.3532018396,0.14293376040105393,0.84817781951731075,0.84817781951731075
1,300,openmp,2,3538,5.7029004804974566e-05,190.09668268324856,5260481.0661860155,0.59940094053971471,1.5130685638235943,1
1,300,openmp,4,5946,3.4664541708711741e-05,115.54847236237246,8654376.6399947908,1.5022528766838941,2.4892524217294354,1
1,300,openmp,8,6573,3.0636449870683094e-05,102.12149956894365,9792257.3035160545,2.3318692288953633,2.8165402571374294,1
1,300,cuda_resident,0,7834,2.0678343247383202e-05,68.92781082461066,14507932.110952087,0.36132973475875363,4.1729065701369175,1.4815717828148571
1,300,cuda_e2e,0,695,0.00028750239568345321,958.34131894484392,1043469.5658338338,0.76259358289237233,0.30013243608431595,0.10656067681750567
1,1000,scalar,1,699,0.00028639576394849788,286.39576394849786,3491671.7559405956,0.072696705863460345,1,1
1,1000,openmp,1,599,0.00033487030717863103,334.87030717863104,2986230.7244415269,0.098734559055904808,0.85524382965290735,0.85524382965290735
1,1000,openmp,2,1101,0.00018020440236148956,180.20440236148957,5549253.9965477791,0.2901226600349478,1.5892828376855563,1
1,1000,openmp,4,2034,9.9838390855457227e-05,99.83839085545722,10016187.074246494,0.66060397795184256,2.8685935489798946,1
1,1000,openmp,8,2202,8.8105782016348769e-05,88.105782016348769,11349992.896203358,0.45768769037911095,3.2505898863181844,1
1,1000,cuda_resident,0,9640,2.0728510684647303e-05,20.728510684647304,48242732.688974902,0.069951962399019893,13.816514283422139,4.2504636901678063
1,1000,cuda_e2e,0,667,0.00029888166116941531,298.88166116941528,3345805.8152091485,0.13530850045157805,0.95822461247015078,0.29478483782384929
1,3000,scalar,1,233,0.00085995449356223179,286.65149785407726,3488556.6881253826,0.22428375127564457,1,1
1,3000,openmp,1,200,0.001003211045,334.40368166666661,2990397.6984224692,0.2032119771966846,0.85720197943218601,0.85720197943218601
1,3000,openmp,2,375,0.00054428431466666666,181.4281048888889,5511825.1971623972,1.4000736615017593,1.5799729486764458,1
1,3000,openmp,4,706,0.00040757581161473085,135.85860387157695,7360593.8196249232,29.832268157289537,2.1099252434909479,1
1,3000,openmp,8,789,0.00026068962103929024,86.896540346430086,11507938.014716169,2.8173765935668205,3.2987676691302661,1
1,3000,cuda_resident,0,5947,3.2944707919959647e-05,10.981569306653217,91061666.331618667,0.046182112164977911,26.102963051046686,7.9129437623986547
1,3000,cuda_e2e,0,569,0.00035011651142355008,116.70550380785002,8568576.17997564,0.22713152054152932,2.4561951964667843,0.74457962573471281
1,10000,scalar,1,67,0.0028620007910447761,286.2000791044776,3494059.1320904181,0.20088284652841276,1,1
1,10000,openmp,1,60,0.0033345307500000001,333.45307500000001,2998922.7119887858,0.069068188979812969,0.85829191739940502,0.85829191739940502
1,10000,openmp,2,80,0.0017620422875000001,176.20422875,5675232.6950042052,0.19894031629475695,1.6242520462465211,1
1,10000,openmp,4,215,0.00095985794883720937,95.985794883720942,10418208.248537395,2.6450900372811481,2.9816920248583236,1
1,10000,openmp,8,238,0.00083863321848739504,83.863321848739503,11924163.960541116,1.6105968261502956,3.4126966687616287,1
1,10000,cuda_resident,0,1476,0.00010516025271002709,10.516025271002707,95092962.809573919,0.14625374991463394,27.215613478379201,7.9748117456495127
1,10000,cuda_e2e,0,340,0.00057579543529411774,57.579543529411779,17367279.049185194,0.88921490336478637,4.9705166377063392,1.4564777125386885
1,30000,scalar,1,24,0.0086212105416666671,287.37368472222227,3479789.7412444297,0.44280517778987172,1,1
1,30000,openmp,1,20,0.010020517199999999,334.01723999999996,2993857.4428074434,0.25799566513392702,0.86035584487262473,0.86035584487262473
1,30000,openmp,2,36,0.005297458416666667,176.58194722222223,5663093.0609318446,0.61201151581585334,1.6274239198448326,1
1,30000,openmp,4,72,0.0027943720833333336,93.14573611111112,10735864.482375512,0.66655851277263101,3.0852049349786839,1
1,30000,openmp,8,82,0.0025351862804878049,84.50620934959349,11833449.964168938,2.7380231716748638,3.4006221191792765,1
1,30000,cuda_resident,0,714,0.00027996982072829135,9.3323273576097119,107154406.5783961,0.0032141319433650704,30.793356652656819,9.0552127150453998
1,30000,cuda_e2e,0,155,0.0012921446193548387,43.071487311827958,23217215.434429351,0.042666251839110554,6.672016748381612,1.9619988680164999
1,100000,scalar,1,7,0.029979605142857142,299.79605142857145,3335600.9701757436,0.36806545951077452,1,1
1,100000,openmp,1,6,0.034628892833333334,346.28892833333333,2887761.9761421094,0.073677877765639638,0.86573963791297293,0.86573963791297293
1,100000,openmp,2,11,0.019017590454545454,190.17590454545453,5258289.6996868858,0.3977188678835229,1.5764144892336569,1
1,100000,openmp,4,19,0.010685229736842106,106.85229736842105,9358713.1454184186,0.50906276847038112,2.8057052474491075,1
1,100000,openmp,8,22,0.0095394769999999993,95.394769999999994,10482754.977028616,0.83156883948478799,3.1426885502063837,1
1,100000,cuda_resident,0,235,0.00085237654468085105,8.5237654468085111,117319042.41621554,0.010504796980942916,35.171785673762507,11.191623067915124
1,100000,cuda_e2e,0,35,0.0057706839999999999,57.70684,17328968.281749617,0.58858682461708212,5.1951562661994908,1.6530929435747996
1,300000,scalar,1,3,0.090670923333333334,302.23641111111107,3308668.1923058243,1.0150946222120272,1,1
1,300000,openmp,1,2,0.103958365,346.52788333333331,2885770.6640538257,0.041544035441495542,0.87218496879335627,0.87218496879335627
1,300000,openmp,2,4,0.056199518249999997,187.3317275,5338124.0505562518,0.19198830054028604,1.6133754551060291,1
1,300000,openmp,4,6,0.031498973833333332,104.99657944444444,9524119.7883890849,0.86010156426099793,2.8785357838350323,1
1,300000,openmp,8,7,0.028182890285714284,93.942967619047607,10644756.3382833,1.9211757617965342,3.2172329528349977,1
1,300000,cuda_resident,0,80,0.002517469875,8.3915662500000003,119167265.10977614,0.00440918880906654,36.016686528705065,11.194926527458163
1,300000,cuda_e2e,0,14,0.015004472642857144,50.01490880952381,19994038.253841233,0.62053639939181515,6.0429263654592411,1.8782992882546063
1,1000000,scalar,1,1,0.30982783699999999,309.82783699999999,3227598.9455395513,0.62583014450054919,1,1
1,1000000,openmp,1,1,0.33844781099999999,338.447811,2954665.2910690564,0.50449964352110699,0.91543755619090117,0.91543755619090117
1,1000000,openmp,2,2,0.18880026050000001,188.80026050000001,5296602.8614139538,0.85802079706346446,1.6410350079998961,1
1,1000000,openmp,4,2,0.1072607875,107.26078750000001,9323071.5838255435,2.0246420435799979,2.888547103012832,1
1,1000000,openmp,8,2,0.092361072500000002,92.361072500000006,10827072.195377549,0.47346624304303347,3.3545283593366673,1
1,1000000,cuda_resident,0,20,0.0083441069000000003,8.3441068999999999,119845060.94954272,0.026340146720793597,37.131336009129988,11.069018363127634
1,1000000,cuda_e2e,0,4,0.045063755499999997,45.063755499999999,22190782.56804407,0.63736310214979286,6.8753221643943991,2.0495644775988544
2,100,scalar,1,6010,3.3300910981697171e-05,333.00910981697166,3002920.8526746295,0.14586350775380616,1,1
2,100,openmp,1,4980,4.0253699598393576e-05,402.53699598393575,2484243.7092165002,0.4716042363917704,0.82727578617459863,0.82727578617459863
2,100,openmp,2,8672,2.3125441420664208e-05,231.25441420664208,4324241.7812030595,0.39798681812336401,1.4400119061917869,1
2,100,openmp,4,14387,1.3985707305206089e-05,139.85707305206088,7150156.7863339772,0.6455865479563444,2.381067346468857,1
2,100,openmp,8,12355,1.4236335410764872e-05,142.36335410764872,7024279.5715802349,2.7887185851532941,2.3391490872374732,0.98239518118059588
2,100,cuda_resident,0,7236,2.7279288833609727e-05,272.79288833609729,3665784.7134487606,0.040614422398712373,1.2207397042062345,0.5126859204619314
2,100,cuda_e2e,0,702,0.00028520703561253559,2852.0703561253558,350622.48652187438,0.26996133398151301,0.11676048211846254,0.049037034711185021
2,300,scalar,1,2008,0.00010051162848605577,335.03876162018594,2984729.274798485,0.57429927113446377,1,1
2,300,openmp,1,1706,0.00011761607796014068,392.05359320046892,2550671.6870942428,0.11733637970647862,0.85457388334372542,0.85457388334372542
2,300,openmp,2,3175,6.3127127244094487e-05,210.42375748031498,4752315.0996557483,0.29307090655199169,1.5922097658175725,1
2,300,openmp,4,5708,3.5320125613174492e-05,117.73375204391496,8493741.0270165987,0.68947759261687025,2.8457324752142075,1
2,300,openmp,8,5834,3.4118962290023999e-05,113.72987430008,8792764.4882598501,0.35483542212650232,2.9459169253645281,1
2,300,cuda_resident,0,5853,3.3814979155988385e-05,112.71659718662794,8871807.9232313298,0.05980019924608939,2.9723995399315779,1.0089895999235527
2,300,cuda_e2e,0,669,0.00029988281464872946,999.60938216243153,1000390.7704794882,0.88807734229897306,0.33516968487771137,0.11377431657759236
2,1000,scalar,1,604,0.00033063325496688744,330.63325496688742,3024499.1542068231,0.079103672249723714,1,1
2,1000,openmp,1,519,0.00038605794990366086,386.05794990366087,2590284.6975422883,0.15884384384354552,0.85643426083932628,0.85643426083932628
2,1000,openmp,2,955,0.00020064006806282721,200.64006806282723,4984049.3459505113,0.28330954341333198,1.6478924581672039,1
2,1000,openmp,4,1854,0.00010859456418554477,108.59456418554477,9208564.0519851353,1.1284290613897472,3.0446575060789152,1
2,1000,openmp,8,1792,0.00010602702678571428,106.02702678571427,9431557.5029850472,2.4726312201226937,3.1183865566193152,1
2,1000,cuda_resident,0,4722,3.4148126005929695e-05,34.148126005929697,29284183.847346518,0.12888203733526449,9.6823250244969277,3.1049149451803908
2,1000,cuda_e2e,0,636,0.00031437680974842765,314.37680974842766,3180896.2016003202,0.48012677331776099,1.0517100648469224,0.33726096676965395
2,3000,scalar,1,198,0.00099537923232323228,331.7930774410774,3013926.654866958,0.22989258324809345,1,1
2,3000,openmp,1,174,0.0011555947126436782,385.19823754789275,2596065.8760170657,0.30539333183074463,0.86135668624346884,0.86135668624346884
2,3000,openmp,2,300,0.00059416737333333326,198.05579111111109,5049082.3539665695,0.42118379079404938,1.6752505724760076,1
2,3000,openmp,4,638,0.00031671413322884013,105.57137774294671,9472264.371076759,1.458551541220809,3.1428317460150295,1
2,3000,openmp,8,676,0.0002959057825443787,98.635260848126237,10138362.198278679,0.39102783140896746,3.3638383939791696,1
2,3000,cuda_resident,0,3907,5.1111604555925258e-05,17.037201518641755,58695085.51071728,0.043250881669419858,19.474623052268079,5.7894050698526733
2,3000,cuda_e2e,0,530,0.00037745229622641505,125.81743207547167,7948024.2403942021,0.24432276502544978,2.6370994222966742,0.78395544417851248
2,10000,scalar,1,58,0.0033024746896551721,330.24746896551721,3028032.2908528182,0.075486234638296498,1,1
2,10000,openmp,1,52,0.0038621758653846153,386.21758653846155,2589214.0463169063,0.60992272963707517,0.85508138540612377,0.85508138540612377
2,10000,openmp,2,102,0.0019767415392156862,197.67415392156863,5058830.3031096878,0.62657432224927445,1.6706659035280345,1
2,10000,openmp,4,195,0.0010443767179487179,104.43767179487179,9575088.977128109,1.2240847761683111,3.1621488998161809,1
2,10000,openmp,8,70,0.00097904134285714279,97.904134285714278,10214073.259477412,2.1308453718589431,3.3731718417707861,1
2,10000,cuda_resident,0,1201,0.00016647314820982515,16.647314820982515,60069747.62918435,0.10026896292022412,19.837882115935511,5.8810766383966318
2,10000,cuda_e2e,0,299,0.00066913160200668897,66.913160200668898,14944743.261281561,0.25535917868569369,4.9354636363777047,1.4631521511180334
2,30000,scalar,1,21,0.0099167568571428572,330.55856190476186,3025182.5704884105,0.24521073503419097,1,1
2,30000,openmp,1,18,0.011509559055555556,383.65196851851852,2606529.0473069237,0.081278816053502526,0.86161049344076579,0.86161049344076579
2,30000,openmp,2,35,0.0058979264571428569,196.59754857142858,5086533.4144117068,0.45654204882639271,1.6813971705484523,1
2,30000,openmp,4,66,0.0031582311666666666,105.27437222222221,9498988.0147574171,2.5551927544482784,3.1399718177087808,1
2,30000,openmp,8,70,0.0028904387142857143,96.34795714285714,10379047.253874609,0.51217435059660454,3.430882934182359,1
2,30000,cuda_resident,0,487,0.00041047239219712525,13.682413073237509,73086523.162787527,0.018621305531916172,24.159375991310114,7.0417372014086883
2,30000,cuda_e2e,0,116,0.0017255130603448276,57.517102011494252,17386133.254769329,0.053205564571837151,5.747135205781106,1.6751184217105186
2,100000,scalar,1,7,0.033174298428571426,331.74298428571427,3014381.757471465,0.066227259089531892,1,1
2,100000,openmp,1,6,0.038544174833333333,385.44174833333335,2594425.757780632,0.10321360751749821,0.86068254339387251,0.86068254339387251
2,100000,openmp,2,11,0.019684606272727275,196.84606272727274,5080111.7692939835,0.096480097237422652,1.685291438850566,1
2,100000,openmp,4,20,0.0104254269,104.25426900000001,9591933.3528682645,0.99533621975709741,3.1820565955501956,1
2,100000,openmp,8,20,0.0097692201500000006,97.69220150000001,10236231.599305293,0.40036716748573292,3.3957980185932675,1
2,100000,cuda_resident,0,129,0.0013139522945736434,13.139522945736434,76106263.836959466,0.059786484997752472,25.24771908810887,7.4349884621724085
2,100000,cuda_e2e,0,39,0.0052575826666666674,52.575826666666671,19020147.915886309,0.15162227913614726,6.3098006311718331,1.8581201227585704
2,300000,scalar,1,2,0.099710476000000006,332.36825333333331,3008710.940262686,0.12744698962223658,1,1
2,300000,openmp,1,2,0.115841842,386.13947333333334,2589737.8254741495,0.11445950591842352,0.86074663764410797,0.86074663764410797
2,300000,openmp,2,3,0.059359110333333333,197.86370111111111,5053984.103119785,0.38777029963459764,1.6797838687283562,1
2,300000,openmp,4,6,0.04714612666666667,157.15375555555556,6363195.0535632549,34.040834248808565,2.1149240255721256,1
2,300000,openmp,8,6,0.029162085000000001,97.206950000000006,10287330.278339151,0.81486286045733203,3.4191819960746979,1
2,300000,cuda_resident,0,52,0.003863856076923077,12.879520256410256,77642643.521779522,0.017857808010015477,25.805949811516513,7.5474045666894467
2,300000,cuda_e2e,0,16,0.0130474641875,43.49154729166667,22992973.629880678,0.054875126669123961,7.6421344843028338,2.2350768379911297
2,1000000,scalar,1,1,0.33349875299999998,333.49875300000002,2998511.9614525218,0.12527483123753358,1,1
2,1000000,openmp,1,1,0.39141826099999999,391.41826099999997,2554811.8205961781,0.17787008664881165,0.85202655631848512,0.85202655631848512
2,1000000,openmp,2,1,0.20296665699999999,202.966657,4926917.62667205,1.1999916813922749,1.6431208846288481,1
2,1000000,openmp,4,2,0.12083181549999999,120.8318155,8275966.026513936,2.0762143559781143,2.7600243497127623,1
2,1000000,openmp,8,2,0.1153033415,115.3033415,8672775.5413749218,1.8782330779199463,2.8923598280974363,1
2,1000000,cuda_resident,0,16,0.012806923749999999,12.806923749999999,78082763.630102828,0.0095041363856107446,26.040504301433042,9.0032035601055256
2,1000000,cuda_e2e,0,4,0.0561345995,56.1345995,17814325.013577409,0.091866692662519678,5.941055177564774,2.0540512006325082
3,100,scalar,1,5144,3.8764107892690513e-05,387.6410789269051,2579705.9557471806,0.26824378307540808,1,1
3,100,openmp,1,4364,4.5676789642529784e-05,456.76789642529786,2189295.7185171726,0.13750974434754179,0.84866095441605083,0.84866095441605083
3,100,openmp,2,7468,2.6778905061596147e-05,267.78905061596146,3734282.629180789,0.14754066661536455,1.4475613473936411,1
3,100,openmp,4,10728,1.6914869593586874e-05,169.14869593586874,5911958.0820128899,0.91330384051718339,2.2917178094821131,1
3,100,openmp,8,12552,1.6691042383683873e-05,166.91042383683873,5991237.5573231895,4.4040832174114115,2.3224497908281569,1
3,100,cuda_resident,0,3776,4.2182401747881358e-05,421.82401747881357,2370656.8582245931,0.11724517945354514,0.91896398228764842,0.39568734097797531
3,100,cuda_e2e,0,663,0.00030126799547511312,3012.6799547511309,331930.37927010976,0.21815235525305454,0.12866985034888215,0.055402640288296646
3,300,scalar,1,1716,0.00011545051398601399,384.83504662004663,2598515.9324309537,0.12615926090131724,1,1
3,300,openmp,1,1490,0.00013377481409395972,445.91604697986571,2242574.5984538486,0.16067771065924083,0.86302130014491929,0.86302130014491929
3,300,openmp,2,2578,7.182290380139644e-05,239.40967933798814,4176940.5596514903,0.20791215804352176,1.6074331150026449,1
3,300,openmp,4,3999,4.2483416104026004e-05,141.61138701342003,7061579.0233396525,1.1247994090993962,2.7175430926580582,1
3,300,openmp,8,5165,3.9501591481122944e-05,131.67197160374315,7594630.7161665699,1.5329851550088822,2.9226800657179997,1
3,300,cuda_resident,0,4652,4.2866148108340499e-05,142.88716036113502,6998529.4512997959,0.14533632886038592,2.6932794076627262,0.92151017117950673
3,300,cuda_e2e,0,650,0.00030879457384615385,1029.3152461538461,971519.66196616064,0.18105041134316044,0.37387481440503934,0.12792190934288644
3,1000,scalar,1,518,0.00038407607335907333,384.07607335907329,2603650.8633671082,0.051824715428244628,1,1
3,1000,openmp,1,451,0.00044221478713968955,442.21478713968958,2261344.552650868,0.18100934978727268,0.86852833629407555,0.86852833629407555
3,1000,openmp,2,861,0.00023342881068524971,233.42881068524972,4283961.3373534176,1.3321283775738824,1.645367048872785,1
3,1000,openmp,4,1597,0.00012752185347526614,127.52185347526614,7841793.1730733337,0.62737782613902993,3.0118451300079943,1
3,1000,openmp,8,33,0.00023763306060606062,237.63306060606064,4208168.6674808403,13.045488645532059,1.6162568978387253,0.53663346821369773
3,1000,cuda_resident,0,4617,4.316572861165259e-05,43.165728611652597,23166526.597909667,0.03232927171820664,8.8977085690936768,2.9542384103494923
3,1000,cuda_e2e,0,610,0.00032775093770491808,327.7509377049181,3051097.2966317604,0.26549298189599979,1.1718534691268103,0.38908158239985596
3,3000,scalar,1,174,0.0011478645229885058,382.6215076628352,2613548.8465044587,0.063523756685872818,1,1
3,3000,openmp,1,148,0.0013240143513513513,441.33811711711706,2265836.4669069173,0.48982128082182275,0.86695776508535671,0.86695776508535671
3,3000,openmp,2,293,0.00068072034812286691,226.90678270762231,4407096.1126293726,0.15801921375580202,1.6862497590292709,1
3,3000,openmp,4,552,0.00037079589855072459,123.59863285024154,8090704.3786774855,2.1175073579484112,3.0956775074238823,1
3,3000,openmp,8,590,0.00046790530338983047,155.96843446327682,6411553.744456239,11.371098126261808,2.453198360165143,0.79245927726063792
3,3000,cuda_resident,0,3032,6.5780290897097626e-05,21.926763632365876,45606365.661912367,0.024061669834159645,17.449976388583469,5.63688444508057
3,3000,cuda_e2e,0,482,0.00041643946473029044,138.81315491009681,7203928.191443067,0.28034091538969691,2.7563778657047484,0.89039567561367605
3,10000,scalar,1,53,0.0038327570754716983,383.27570754716982,2609087.8714950378,0.12139839725701224,1,1
3,10000,openmp,1,46,0.0043896613260869565,438.9661326086956,2278080.0743264235,0.33292406964484739,0.87313275233656917,0.87313275233656917
3,10000,openmp,2,86,0.0022625933488372094,226.25933488372095,4419707.149382011,0.28718023650039415,1.6939663848306752,1
3,10000,openmp,4,166,0.0012007914036144579,120.07914036144579,8327841.097045972,0.52062200966227468,3.1918591888106942,1
3,10000,openmp,8,164,0.0011296569451219513,112.96569451219514,8852244.9608986881,1.3705310136270299,3.3928504507693136,1
3,10000,cuda_resident,0,693,0.00021560097546897546,21.560097546897545,46381979.386911355,0.19410021757631377,17.777085966956694,5.2395725142927594
3,10000,cuda_e2e,0,263,0.00075877339163498098,75.877339163498107,13179165.361152578,0.17233136759316875,5.051253928676906,1.4887935681136659
3,30000,scalar,1,18,0.011516447611111112,383.88158703703704,2604969.9536735518,0.30753503430119133,1,1
3,30000,openmp,1,16,0.013135686375,437.85621250000003,2283854.7711596075,0.057414681537728968,0.8767297941148593,0.8767297941148593
3,30000,openmp,2,30,0.0067944575,226.48191666666668,4415363.5518361842,0.53532947013551979,1.6949767676243632,1
3,30000,openmp,4,56,0.0036577331964285716,121.92443988095238,8201801.0579044269,2.1965258059247179,3.1485204066704009,1
3,30000,openmp,8,61,0.0033623440163934423,112.0781338797814,8922346.9858325087,0.77308918736602628,3.4251247210165072,1
3,30000,cuda_resident,0,351,0.00056927383190883188,18.97579439696106,52698716.010548055,0.032772295529282292,20.2300667369433,5.9063737483227845
3,30000,cuda_e2e,0,100,0.0020111308000000001,67.037693333333337,14916981.03375474,0.098005062624485231,5.7263543530391514,1.671867397383324
3,100000,scalar,1,6,0.038414395166666664,384.14395166666662,2603190.7977760648,0.02323825038661121,1,1
3,100000,openmp,1,5,0.043964168200000001,439.641682,2274579.5973003306,0.017856814586561017,0.8737659948873242,0.8737659948873242
3,100000,openmp,2,9,0.022692835222222221,226.9283522222222,4406677.2186347982,0.18689109788871994,1.692798400485847,1
3,100000,openmp,4,12,0.012116217666666667,121.16217666666667,8253400.7518793065,0.79363188506600735,3.1704939795155545,1
3,100000,openmp,8,18,0.011305694999999999,113.05695,8845099.7484011389,0.64007171213759795,3.3977915702366519,1
3,100000,cuda_resident,0,109,0.0018398135412844036,18.398135412844034,54353334.050464906,0.027740645197815453,20.879504528403977,6.1450221700767083
3,100000,cuda_e2e,0,33,0.006250360272727273,62.503602727272735,15999077.754979737,0.13580259608696688,6.145948951820178,1.8088069337908563
3,300000,scalar,1,2,0.11536988550000001,384.56628499999999,2600331.9557771427,0.067264953643391759,1,1
3,300000,openmp,1,2,0.13221213000000001,440.70710000000003,2269080.7568110428,0.14316235582923814,0.87261195701181116,0.87261195701181116
3,300000,openmp,2,3,0.067959931000000001,226.53310333333334,4414365.8709718231,0.039220659793392246,1.6976162836304234,1
3,300000,openmp,4,6,0.036012977833333334,120.04325944444446,8330330.2878309144,0.94520416568162346,3.2035641716141154,1
3,300000,openmp,8,6,0.033517216333333336,111.72405444444445,8950623.9723627008,0.15213922548402822,3.4421082094834663,1
3,300000,cuda_resident,0,30,0.005407980533333333,18.026601777777778,55473572.464042895,0.018999082195895845,21.333265678175273,6.1977324302005634
3,300000,cuda_e2e,0,13,0.01591559076923077,53.051969230769231,18849441.679537453,0.12032081943065981,7.248859761023879,2.1059360484520226
3,1000000,scalar,1,1,0.38444513200000002,384.445132,2601151.4173627249,0.20793812522511051,1,1
3,1000000,openmp,1,1,0.44905739099999997,449.057391,2226886.8524201619,1.1640547744597636,0.85611580992773384,0.85611580992773384
3,1000000,openmp,2,1,0.23186453700000001,231.86453700000001,4312863.0748737566,1.1129752886703923,1.6580592141177675,1
3,1000000,openmp,4,2,0.138265834,138.26583400000001,7232444.7122634789,0.22074252992969001,2.7804781620888352,1
3,1000000,openmp,8,2,0.13035513200000001,130.35513200000003,7671351.2130845748,0.15017820702296122,2.9492136297326597,1
3,1000000,cuda_resident,0,12,0.017931096333333334,17.931096333333333,55769038.401797667,0.0056805413032188475,21.440135329892176,7.2697803623794046
3,1000000,cuda_e2e,0,3,0.063575289666666659,63.575289666666656,15729381.733738491,1.3842983198047392,6.0470842369054836,2.0504056321798703
5,100,scalar,1,3806,5.0982287703625857e-05,509.8228770362586,1961465.5305648046,0.27977167242513745,1,1
5,100,openmp,1,3378,5.7968925399644763e-05,579.68925399644763,1725062.1658170812,0.12436023199583818,0.8794761564432636,0.8794761564432636
5,100,openmp,2,6109,3.273133491569815e-05,327.31334915698147,3055176.3396621929,0.30670089591083838,1.5575987913396847,1
5,100,openmp,4,10541,1.9045322644910353e-05,190.45322644910354,5250633.0223144777,0.54442006148078148,2.6768928336979525,1
5,100,openmp,8,8827,1.9293630338733432e-05,192.93630338733433,5183057.7368968446,2.5074649213652838,2.6424414072697884,0.98713006886399279
5,100,cuda_resident,0,3306,6.0459395946763459e-05,604.59395946763459,1654002.6315852276,0.076263229625845655,0.84324838026032356,0.31501013774071451
5,100,cuda_e2e,0,610,0.0003241732704918033,3241.7327049180331,308477.00628830376,0.28262966736142209,0.15726863484543505,0.058750441132967846
5,300,scalar,1,1310,0.00015151141221374044,505.0380407124681,1980048.8663968327,0.1432824826890581,1,1
5,300,openmp,1,1176,0.00017020471428571429,567.34904761904761,1762583.3764886486,0.05703066331528267,0.8901716550541936,0.8901716550541936
5,300,openmp,2,2026,9.1262811944718648e-05,304.20937314906217,3287209.6926152287,0.805196551748383,1.6601659425694297,1
5,300,openmp,4,4015,5.1037483188044832e-05,170.12494396014944,5878032.7959093573,2.0267896285734737,2.9686301664896932,1
5,300,openmp,8,4031,4.8468573306871748e-05,161.56191102290583,6189577.6898691338,0.77382260993817953,3.1259721893291124,1
5,300,cuda_resident,0,2657,6.0387957094467444e-05,201.29319031489146,4967877.9418005031,0.1146800126309145,2.5089673422256147,0.80261985400582936
5,300,cuda_e2e,0,600,0.00033133768333333329,1104.4589444444443,905420.70851081901,0.45756089419548263,0.45727190064679873,0.14628149994672129
5,1000,scalar,1,397,0.00050443038790931995,504.43038790931996,1982434.0959009933,0.11126798362345369,1,1
5,1000,openmp,1,356,0.00056214040449438204,562.1404044943821,1778915.0041606622,0.046018432437688099,0.8973387856064724,0.8973387856064724
5,1000,openmp,2,671,0.00029388192399403874,293.88192399403874,3402727.1443216922,0.45564342068684327,1.7164389733597636,1
5,1000,openmp,4,1070,0.00015713399906542056,157.13399906542057,6363995.0993907042,1.3722093814578045,3.210192516638664,1
5,1000,openmp,8,1320,0.0001561712462121212,156.17124621212119,6403227.3818301978,1.669772514917758,3.2299824720881856,1
5,1000,cuda_resident,0,3303,6.0530268543748109e-05,60.530268543748114,16520660.226003332,0.023146930485587889,8.3335230463209342,2.5800520957419644
5,1000,cuda_e2e,0,557,0.00035886070197486535,358.86070197486532,2786596.5665698336,0.7633338483117259,1.4056439870216002,0.43518625849162901
5,3000,scalar,1,133,0.0015123562556390979,504.11875187969929,1983659.5966155126,0.22774599663438938,1,1
5,3000,openmp,1,119,0.0016869394873949581,562.31316246498602,1778368.47285656,0.27141838220984182,0.89650889491865593,0.89650889491865593
5,3000,openmp,2,232,0.00086565038793103455,288.55012931034486,3465602.3284067502,0.082853788080105864,1.7470751203077908,1
5,3000,openmp,4,421,0.00046934059619952497,156.44686539984167,6391946.5400871634,2.1037945737495605,3.2223001118705028,1
5,3000,openmp,8,460,0.00044062581304347824,146.87527101449274,6808498.075222793,1.0203338557885291,3.4322915518566495,1
5,3000,cuda_resident,0,1980,0.00010097681313131314,33.658937710437712,29709790.861578431,0.030187448273591572,14.977262687745814,4.3636335845782321
5,3000,cuda_e2e,0,418,0.00047845139234449762,159.48379744816586,6270229.4276947593,0.25565285433794388,3.160940233088843,0.92094164651571553
5,10000,scalar,1,40,0.0050295700749999998,502.95700750000003,1988241.5098869062,0.075743551500280504,1,1
5,10000,openmp,1,36,0.0056078361666666672,560.78361666666672,1783218.9997704697,0.1054382720861531,0.89688249184169866,0.89688249184169866
5,10000,openmp,2,70,0.0028873607285714287,288.73607285714291,3463370.5103233401,0.49912067249195891,1.7419264677359749,1
5,10000,openmp,4,134,0.0015274628059701492,152.7462805970149,6546804.2566500483,1.1335698742567941,3.2927610776129703,1
5,10000,openmp,8,140,0.001456827242857143,145.6827242857143,6864231.8772045393,0.5031320166239539,3.4524135237449025,1
5,10000,cuda_resident,0,568,0.0003545120616197183,35.451206161971832,28207784.960295383,0.095423261562773573,14.187303111833671,4.1093869590814309
5,10000,cuda_e2e,0,172,0.0011605824302325582,116.05824302325581,8616363.4219382368,0.14003644461234482,4.333660362230515,1.2552552967437418
5,30000,scalar,1,14,0.015122036714285714,504.06789047619048,1983859.7516205702,0.18420704610868746,1,1
5,30000,openmp,1,12,0.016856209083333334,561.87363611111107,1779759.6038164156,0.11499718928993079,0.89711966905048113,0.89711966905048113
5,30000,openmp,2,24,0.0086411937499999997,288.03979166666664,3471742.547145179,0.3037697578917517,1.7499939420159065,1
5,30000,openmp,4,45,0.0045404484222222223,151.34828074074073,6607276.9053319981,0.56420516350467376,3.3305161314627525,1
5,30000,openmp,8,47,0.0044887891276595747,149.62630425531916,6683316.8471074523,3.2836567132028787,3.3688454245054378,1
5,30000,cuda_resident,0,172,0.00095308955232558138,31.769651744186049,31476580.481654268,0.062775037678416634,15.866333522791498,4.7097244080650418
5,30000,cuda_e2e,0,70,0.0028840866857142858,96.136222857142855,10401906.485196393,0.34246444385652475,5.2432670589235508,1.556398824589373
5,100000,scalar,1,4,0.05065733125,506.57331249999999,1974047.9321045955,0.19186216012909829,1,1
5,100000,openmp,1,4,0.056395801750000002,563.95801749999998,1773181.6358121019,0.097335702830042961,0.89824649491750508,0.89824649491750508
5,100000,openmp,2,7,0.029133747571428569,291.33747571428569,3432445.4742674395,0.53464359126412753,1.7387852738752902,1
5,100000,openmp,4,13,0.015179864615384616,151.79864615384616,6587674.036213153,0.27328002925333278,3.337139858194742,1
5,100000,openmp,8,14,0.01452397007142857,145.2397007142857,6885169.7922952306,0.38562163893980533,3.4878432688079322,1
5,100000,cuda_resident,0,67,0.0029898140746268654,29.898140746268652,33446895.861736886,0.035999343302644315,16.943304829522596,4.8578171447805465
5,100000,cuda_e2e,0,24,0.0084018236666666673,84.018236666666681,11902177.904154221,0.07429438632588943,6.0293256868717107,1.7286687566475432
5,300000,scalar,1,2,0.15190717000000001,506.35723333333334,1974890.3228201801,0.2590852031540119,1,1
5,300000,openmp,1,2,0.16968848049999999,565.62826833333338,1767945.5854400205,0.20281930687686353,0.89521203532728921,0.89521203532728921
5,300000,openmp,2,3,0.087013612000000004,290.04537333333332,3447736.4300197074,0.36538421138061933,1.7457862799673227,1
5,300000,openmp,4,5,0.045698485400000002,152.32828466666669,6564768.9934161361,0.64744990432441174,3.3241182649786465,1
5,300000,openmp,8,5,0.043666015400000001,145.55338466666666,6870331.4752185978,1.0446696265306645,3.4788420378746077,1
5,300000,cuda_resident,0,23,0.0088330813478260869,29.443604492753625,33963233.008584611,0.014189740306834632,17.197528701282248,4.9434635186221465
5,300000,cuda_e2e,0,10,0.022023181499999999,73.410605000000004,13622010.062442614,0.047530371576872545,6.8976033276572695,1.9827296705519137
5,1000000,scalar,1,1,0.53362586300000003,533.62586300000009,1873972.1391652261,0.043661302075991212,1,1
5,1000000,openmp,1,1,0.59195809700000002,591.95809699999995,1689308.7620017806,0.10006198124528064,0.90145884599666182,0.90145884599666182
5,1000000,openmp,2,1,0.317185139,317.18513899999999,3152732.8271202515,0.076412785530910937,1.6823797756804741,1
5,1000000,openmp,4,2,0.18071923649999999,180.71923649999999,5533445.2456033919,0.2677291080742179,2.9527894945483575,1
5,1000000,openmp,8,2,0.17378277049999999,173.7827705,5754310.3791178195,0.35108687601455935,3.0706488420266038,1
5,1000000,cuda_resident,0,6,0.02932681233333333,29.326812333333333,34098489.417596325,0.027117392017494371,18.195835842461207,5.9257299608548211
5,1000000,cuda_e2e,0,2,0.096832546000000005,96.832545999999994,10327106.342943827,0.10004126092069443,5.5108110345461743,1.7946731515249013
